route_id,agency_id,route_short_name,route_long_name,route_desc,route_fare_class,route_type,route_url,route_color,route_text_color,route_sort_order,line_id,listed_route
Boat-F1,1,,Hingham/Hull Ferry,Ferry,Ferry,4,https://www.mbta.com/schedules/Boat-F1,008EAA,FFFFFF,1000002,,
Boat-F4,1,,Charlestown Ferry,Ferry,Ferry,4,https://www.mbta.com/schedules/Boat-F4,008EAA,FFFFFF,1000001,,
Red,1,,Red Line,Rapid Transit,Rapid Transit,1,https://www.mbta.com/schedules/Red,DA291C,FFFFFF,1,line-Red,
Mattapan,1,,Mattapan Trolley,Rapid Transit,Rapid Transit,0,https://www.mbta.com/schedules/Mattapan,DA291C,FFFFFF,2,line-Mattapan,
Orange,1,,Orange Line,Rapid Transit,Rapid Transit,1,https://www.mbta.com/schedules/Orange,ED8B00,FFFFFF,3,line-Orange,
Green-B,1,B,Green Line B,Rapid Transit,Rapid Transit,0,https://www.mbta.com/schedules/Green-B,00843D,FFFFFF,4,line-Green,
Green-C,1,C,Green Line C,Rapid Transit,Rapid Transit,0,https://www.mbta.com/schedules/Green-C,00843D,FFFFFF,5,line-Green,
Green-D,1,D,Green Line D,Rapid Transit,Rapid Transit,0,https://www.mbta.com/schedules/Green-D,00843D,FFFFFF,6,line-Green,
Green-E,1,E,Green Line E,Rapid Transit,Rapid Transit,0,https://www.mbta.com/schedules/Green-E,00843D,FFFFFF,7,line-Green,
Blue,1,,Blue Line,Rapid Transit,Rapid Transit,1,https://www.mbta.com/schedules/Blue,003DA5,FFFFFF,8,line-Blue,
741,1,SL1,Logan Airport - South Station,Key Bus,Rapid Transit,3,https://www.mbta.com/schedules/741,7C878E,FFFFFF,9,line-SLWaterfront,
742,1,SL2,Design Center - South Station,Key Bus,Rapid Transit,3,https://www.mbta.com/schedules/742,7C878E,FFFFFF,10,line-SLWaterfront,
743,1,SL3,Chelsea - South Station,Key Bus,Rapid Transit,3,https://www.mbta.com/schedules/743,7C878E,FFFFFF,11,line-SLWaterfront,
751,1,SL4,Dudley - South Station,Key Bus,Local Bus,3,https://www.mbta.com/schedules/751,7C878E,FFFFFF,12,line-SLWashington,
749,1,SL5,Dudley - Downtown Crossing,Key Bus,Local Bus,3,https://www.mbta.com/schedules/749,7C878E,FFFFFF,13,line-SLWashington,
746,1,,Silver Line Way - South Station,Key Bus,Rapid Transit,3,,7C878E,FFFFFF,14,line-SLWaterfront,1
701,1,CT1,"Central Square, Cambridge - Boston Medical Center",Local Bus,Local Bus,3,https://www.mbta.com/schedules/701,FFC72C,000000,81,line-1701,
747,1,CT2,Sullivan - Ruggles,Local Bus,Local Bus,3,https://www.mbta.com/schedules/747,FFC72C,000000,82,line-747,
708,1,CT3,Beth Israel Deaconess or Boston Medical Center - Andrew,Local Bus,Local Bus,3,https://www.mbta.com/schedules/708,FFC72C,000000,83,line-171708,
1,1,1,Harvard - Dudley via Massachusetts Avenue,Key Bus,Local Bus,3,https://www.mbta.com/schedules/1,FFC72C,000000,100,line-1701,
4,1,4,North Station - Tide Street,Commuter Bus,Local Bus,3,https://www.mbta.com/schedules/4,FFC72C,000000,400,line-4,
5,1,5,City Point - McCormack Housing,Community Bus,Local Bus,3,https://www.mbta.com/schedules/5,FFC72C,000000,500,line-510,
7,1,7,City Point - Downtown Boston,Local Bus,Local Bus,3,https://www.mbta.com/schedules/7,FFC72C,000000,700,line-7,
8,1,8,Harbor Point/UMass - Kenmore,Local Bus,Local Bus,3,https://www.mbta.com/schedules/8,FFC72C,000000,800,line-8,
9,1,9,City Point - Copley via Broadway Station,Local Bus,Local Bus,3,https://www.mbta.com/schedules/9,FFC72C,000000,900,line-9,
10,1,10,City Point - Copley via Boston Medical Center,Local Bus,Local Bus,3,https://www.mbta.com/schedules/10,FFC72C,000000,1000,line-510,
11,1,11,City Point - Downtown Boston,Local Bus,Local Bus,3,https://www.mbta.com/schedules/11,FFC72C,000000,1100,line-11,
14,1,14,Roslindale Square - Heath Street,Local Bus,Local Bus,3,https://www.mbta.com/schedules/14,FFC72C,000000,1400,line-14,
15,1,15,Kane Square - Ruggles,Key Bus,Local Bus,3,https://www.mbta.com/schedules/15,FFC72C,000000,1500,line-15,
16,1,16,Forest Hills - Andrew or UMass,Local Bus,Local Bus,3,https://www.mbta.com/schedules/16,FFC72C,000000,1600,line-16,
17,1,17,Fields Corner - Andrew via Uphams Corner,Local Bus,Local Bus,3,https://www.mbta.com/schedules/17,FFC72C,000000,1700,line-1719,
18,1,18,Ashmont - Andrew,Local Bus,Local Bus,3,https://www.mbta.com/schedules/18,FFC72C,000000,1800,line-18,
19,1,19,Fields Corner - Kenmore or Ruggles,Local Bus,Local Bus,3,https://www.mbta.com/schedules/19,FFC72C,000000,1900,line-1719,
21,1,21,Ashmont - Forest Hills,Local Bus,Local Bus,3,https://www.mbta.com/schedules/21,FFC72C,000000,2100,line-21,
22,1,22,Ashmont - Ruggles via Jackson Square,Key Bus,Local Bus,3,https://www.mbta.com/schedules/22,FFC72C,000000,2200,line-22,
23,1,23,Ashmont - Ruggles via Washington Street,Key Bus,Local Bus,3,https://www.mbta.com/schedules/23,FFC72C,000000,2300,line-23,
24,1,24,Wakefield Avenue & Truman Parkway - Mattapan or Ashmont,Local Bus,Local Bus,3,https://www.mbta.com/schedules/24,FFC72C,000000,2400,line-242733,
2427,1,24/27,Wakefield Avenue & Truman Parkway - Ashmont,Local Bus,Local Bus,3,,FFC72C,000000,2401,line-242733,1
26,1,26,Ashmont - Gallivan Boulevard,Local Bus,Local Bus,3,https://www.mbta.com/schedules/26,FFC72C,000000,2600,line-26,
27,1,27,Mattapan - Ashmont,Local Bus,Local Bus,3,https://www.mbta.com/schedules/27,FFC72C,000000,2700,line-242733,
28,1,28,Mattapan - Ruggles,Key Bus,Local Bus,3,https://www.mbta.com/schedules/28,FFC72C,000000,2800,line-28,
29,1,29,Mattapan - Jackson Square,Local Bus,Local Bus,3,https://www.mbta.com/schedules/29,FFC72C,000000,2900,line-29,
30,1,30,Mattapan - Forest Hills via Roslindale Square,Local Bus,Local Bus,3,https://www.mbta.com/schedules/30,FFC72C,000000,3000,line-30,
31,1,31,Mattapan - Forest Hills via Morton Street,Local Bus,Local Bus,3,https://www.mbta.com/schedules/31,FFC72C,000000,3100,line-31,
32,1,32,Wolcott Square - Forest Hills,Key Bus,Local Bus,3,https://www.mbta.com/schedules/32,FFC72C,000000,3200,line-32,
3233,1,32/33,"River Street & Milton Street, Dedham - Forest Hills",Supplemental Bus,Local Bus,3,,FFC72C,000000,3201,line-242733,1
33,1,33,"River Street & Milton Street, Dedham - Mattapan",Local Bus,Local Bus,3,https://www.mbta.com/schedules/33,FFC72C,000000,3300,line-242733,
34,1,34,Dedham Line - Forest Hills,Local Bus,Local Bus,3,https://www.mbta.com/schedules/34,FFC72C,000000,3400,line-3434E,
34E,1,34E,Walpole - Forest Hills,Local Bus,Local Bus,3,https://www.mbta.com/schedules/34E,FFC72C,000000,3401,line-3434E,
35,1,35,Dedham Mall - Forest Hills,Local Bus,Local Bus,3,https://www.mbta.com/schedules/35,FFC72C,000000,3500,line-35,
36,1,36,Charles River Loop - Forest Hills,Local Bus,Local Bus,3,https://www.mbta.com/schedules/36,FFC72C,000000,3600,line-36,
37,1,37,Baker Street & Vermont Street - Forest Hills,Local Bus,Local Bus,3,https://www.mbta.com/schedules/37,FFC72C,000000,3700,line-37,
3738,1,37/38,Baker Street & Vermont Street - Forest Hills via South Street,Supplemental Bus,Local Bus,3,,FFC72C,000000,3701,line-38,1
38,1,38,Wren Street - Forest Hills,Local Bus,Local Bus,3,https://www.mbta.com/schedules/38,FFC72C,000000,3800,line-38,
39,1,39,Forest Hills - Back Bay Station,Key Bus,Local Bus,3,https://www.mbta.com/schedules/39,FFC72C,000000,3900,line-39,
40,1,40,Georgetowne - Forest Hills,Local Bus,Local Bus,3,https://www.mbta.com/schedules/40,FFC72C,000000,4000,line-4050,
4050,1,40/50,Cleary Square - Forest Hills,Local Bus,Local Bus,3,,FFC72C,000000,4001,line-4050,1
41,1,41,Centre Street & Eliot Street - JFK/UMass Station,Local Bus,Local Bus,3,https://www.mbta.com/schedules/41,FFC72C,000000,4100,line-41,
42,1,42,Forest Hills - Dudley,Local Bus,Local Bus,3,https://www.mbta.com/schedules/42,FFC72C,000000,4200,line-42,
43,1,43,Ruggles - Downtown Boston,Local Bus,Local Bus,3,https://www.mbta.com/schedules/43,FFC72C,000000,4300,line-43,
44,1,44,Jackson Square - Ruggles,Local Bus,Local Bus,3,https://www.mbta.com/schedules/44,FFC72C,000000,4400,line-44,
45,1,45,Franklin Park - Ruggles,Local Bus,Local Bus,3,https://www.mbta.com/schedules/45,FFC72C,000000,4500,line-45,
47,1,47,"Central Square, Cambridge - Broadway Station",Local Bus,Local Bus,3,https://www.mbta.com/schedules/47,FFC72C,000000,4700,line-47,
50,1,50,Cleary Square - Forest Hills,Local Bus,Local Bus,3,https://www.mbta.com/schedules/50,FFC72C,000000,5000,line-4050,
51,1,51,Reservoir - Forest Hills,Local Bus,Local Bus,3,https://www.mbta.com/schedules/51,FFC72C,000000,5100,line-51,
52,1,52,Dedham Mall - Watertown Yard,Local Bus,Local Bus,3,https://www.mbta.com/schedules/52,FFC72C,000000,5200,line-5259,
55,1,55,Jersey Street & Queensberry Street - Downtown Boston,Local Bus,Local Bus,3,https://www.mbta.com/schedules/55,FFC72C,000000,5500,line-55,
57,1,57,Watertown Yard - Kenmore,Key Bus,Local Bus,3,https://www.mbta.com/schedules/57,FFC72C,000000,5700,line-5757A,
57A,1,57A,Oak Square - Kenmore,Local Bus,Local Bus,3,https://www.mbta.com/schedules/57A,FFC72C,000000,5701,line-5757A,
59,1,59,Needham Junction - Watertown Square,Local Bus,Local Bus,3,https://www.mbta.com/schedules/59,FFC72C,000000,5900,line-5259,
60,1,60,Chestnut Hill - Kenmore,Local Bus,Local Bus,3,https://www.mbta.com/schedules/60,FFC72C,000000,6000,line-6065,
62,1,62,Bedford VA Hospital - Alewife,Local Bus,Local Bus,3,https://www.mbta.com/schedules/62,FFC72C,000000,6200,line-6276,
627,1,62/76,Bedford VA Hospital - Alewife via Hanscom Air Force Base,Local Bus,Local Bus,3,,FFC72C,000000,6201,line-6276,1
64,1,64,Oak Square - University Park or Kendall/MIT,Local Bus,Local Bus,3,https://www.mbta.com/schedules/64,FFC72C,000000,6400,line-6468,
65,1,65,Brighton - Kenmore,Local Bus,Local Bus,3,https://www.mbta.com/schedules/65,FFC72C,000000,6500,line-6065,
66,1,66,Harvard - Dudley via Allston,Key Bus,Local Bus,3,https://www.mbta.com/schedules/66,FFC72C,000000,6600,line-66,
67,1,67,Turkey Hill - Alewife,Local Bus,Local Bus,3,https://www.mbta.com/schedules/67,FFC72C,000000,6700,line-6779,
68,1,68,Harvard - Kendall/MIT,Local Bus,Local Bus,3,https://www.mbta.com/schedules/68,FFC72C,000000,6800,line-6468,
69,1,69,Harvard - Lechmere,Local Bus,Local Bus,3,https://www.mbta.com/schedules/69,FFC72C,000000,6900,line-69,
70,1,70,"Cedarwood - Central Square, Cambridge",Local Bus,Local Bus,3,https://www.mbta.com/schedules/70,FFC72C,000000,7000,line-7070A170,
70A,1,70A,"North Waltham - Central Square, Cambridge",Local Bus,Local Bus,3,https://www.mbta.com/schedules/70A,FFC72C,000000,7001,line-7070A170,
71,1,71,Watertown Square - Harvard,Key Bus,Local Bus,3,https://www.mbta.com/schedules/71,FFC72C,000000,7100,line-71,
72,1,72,Huron Avenue - Harvard,Local Bus,Local Bus,3,https://www.mbta.com/schedules/72,FFC72C,000000,7200,line-72,
725,1,72/75,Belmont Center - Harvard via Huron Avenue,Local Bus,Local Bus,3,,FFC72C,000000,7201,line-7475,1
73,1,73,Waverley Square - Harvard,Key Bus,Local Bus,3,https://www.mbta.com/schedules/73,FFC72C,000000,7300,line-73,
74,1,74,Belmont Center - Harvard via Concord Avenue,Local Bus,Local Bus,3,https://www.mbta.com/schedules/74,FFC72C,000000,7400,line-7475,
75,1,75,Belmont Center - Harvard via Fresh Pond Parkway,Local Bus,Local Bus,3,https://www.mbta.com/schedules/75,FFC72C,000000,7500,line-7475,
76,1,76,Lincoln Lab/Hanscom Air Force Base - Alewife,Local Bus,Local Bus,3,https://www.mbta.com/schedules/76,FFC72C,000000,7600,line-6276,
77,1,77,Arlington Heights - Harvard,Key Bus,Local Bus,3,https://www.mbta.com/schedules/77,FFC72C,000000,7700,line-77,
78,1,78,Arlmont Village - Harvard,Local Bus,Local Bus,3,https://www.mbta.com/schedules/78,FFC72C,000000,7800,line-7884,
79,1,79,Arlington Heights - Alewife,Local Bus,Local Bus,3,https://www.mbta.com/schedules/79,FFC72C,000000,7900,line-6779,
80,1,80,Arlington Center - Lechmere,Local Bus,Local Bus,3,https://www.mbta.com/schedules/80,FFC72C,000000,8000,line-80,
83,1,83,"Rindge Avenue - Central Square, Cambridge",Local Bus,Local Bus,3,https://www.mbta.com/schedules/83,FFC72C,000000,8300,line-83,
84,1,84,Arlmont Village - Alewife,Commuter Bus,Local Bus,3,https://www.mbta.com/schedules/84,FFC72C,000000,8400,line-7884,
85,1,85,Spring Hill - Kendall/MIT,Local Bus,Local Bus,3,https://www.mbta.com/schedules/85,FFC72C,000000,8500,line-85,
86,1,86,Sullivan - Reservoir,Local Bus,Local Bus,3,https://www.mbta.com/schedules/86,FFC72C,000000,8600,line-86,
87,1,87,Clarendon Hill or Arlington Center - Lechmere via Somerville Avenue,Local Bus,Local Bus,3,https://www.mbta.com/schedules/87,FFC72C,000000,8700,line-87,
88,1,88,Clarendon Hill - Lechmere via Highland Avenue,Local Bus,Local Bus,3,https://www.mbta.com/schedules/88,FFC72C,000000,8800,line-88,
89,1,89,Clarendon Hill or Davis - Sullivan,Local Bus,Local Bus,3,https://www.mbta.com/schedules/89,FFC72C,000000,8900,line-89,
8993,1,89/93,Clarendon Hill - Haymarket,Supplemental Bus,Local Bus,3,,FFC72C,000000,8901,line-89,1
90,1,90,Davis - Wellington,Local Bus,Local Bus,3,https://www.mbta.com/schedules/90,FFC72C,000000,9000,line-90,
91,1,91,"Sullivan - Central Square, Cambridge",Local Bus,Local Bus,3,https://www.mbta.com/schedules/91,FFC72C,000000,9100,line-91,
92,1,92,Assembly - Downtown Boston,Local Bus,Local Bus,3,https://www.mbta.com/schedules/92,FFC72C,000000,9200,line-92,
93,1,93,Sullivan - Downtown Boston,Local Bus,Local Bus,3,https://www.mbta.com/schedules/93,FFC72C,000000,9300,line-93,
94,1,94,Medford Square - Davis,Local Bus,Local Bus,3,https://www.mbta.com/schedules/94,FFC72C,000000,9400,line-94,
95,1,95,West Medford - Sullivan via Mystic Avenue,Local Bus,Local Bus,3,https://www.mbta.com/schedules/95,FFC72C,000000,9500,line-95,
96,1,96,Medford Square - Harvard,Local Bus,Local Bus,3,https://www.mbta.com/schedules/96,FFC72C,000000,9600,line-96,
97,1,97,Malden Center - Wellington,Local Bus,Local Bus,3,https://www.mbta.com/schedules/97,FFC72C,000000,9700,line-97,
99,1,99,"Woodland Road, Stoneham - Wellington",Local Bus,Local Bus,3,https://www.mbta.com/schedules/99,FFC72C,000000,9900,line-99,
100,1,100,Elm Street - Wellington,Local Bus,Local Bus,3,https://www.mbta.com/schedules/100,FFC72C,000000,10000,line-100,
101,1,101,Malden Center - Sullivan via Winter Hill,Local Bus,Local Bus,3,https://www.mbta.com/schedules/101,FFC72C,000000,10100,line-101,
104,1,104,Malden Center - Sullivan via Ferry Street,Local Bus,Local Bus,3,https://www.mbta.com/schedules/104,FFC72C,000000,10400,line-104109,
105,1,105,Malden Center - Sullivan via Newland Street Housing,Local Bus,Local Bus,3,https://www.mbta.com/schedules/105,FFC72C,000000,10500,line-105,
106,1,106,"Lebanon Street, Malden - Wellington",Local Bus,Local Bus,3,https://www.mbta.com/schedules/106,FFC72C,000000,10600,line-106,
108,1,108,Linden Square - Wellington,Local Bus,Local Bus,3,https://www.mbta.com/schedules/108,FFC72C,000000,10800,line-108,
109,1,109,Linden Square - Sullivan,Local Bus,Local Bus,3,https://www.mbta.com/schedules/109,FFC72C,000000,10900,line-104109,
110,1,110,Wonderland - Wellington,Local Bus,Local Bus,3,https://www.mbta.com/schedules/110,FFC72C,000000,11000,line-110,
111,1,111,"Everett, Revere, or Chelsea - Haymarket",Key Bus,Local Bus,3,https://www.mbta.com/schedules/111,FFC72C,000000,11100,line-111,
112,1,112,Wellington - Wood Island,Local Bus,Local Bus,3,https://www.mbta.com/schedules/112,FFC72C,000000,11200,line-112,
114,1,114,Chelsea - Maverick,Community Bus,Local Bus,3,https://www.mbta.com/schedules/114,FFC72C,000000,11400,line-114116117,
116,1,116,Wonderland - Maverick via Revere Street,Key Bus,Local Bus,3,https://www.mbta.com/schedules/116,FFC72C,000000,11600,line-114116117,
116117,1,116/117,Bellingham Square - Maverick,Supplemental Bus,Local Bus,3,,FFC72C,000000,11601,line-114116117,1
117,1,117,Wonderland - Maverick via Beach Street,Key Bus,Local Bus,3,https://www.mbta.com/schedules/117,FFC72C,000000,11700,line-114116117,
119,1,119,Northgate Shopping Center - Beachmont,Local Bus,Local Bus,3,https://www.mbta.com/schedules/119,FFC72C,000000,11900,line-119,
120,1,120,Orient Heights - Maverick,Local Bus,Local Bus,3,https://www.mbta.com/schedules/120,FFC72C,000000,12000,line-120121,
121,1,121,Wood Island - Maverick,Commuter Bus,Local Bus,3,https://www.mbta.com/schedules/121,FFC72C,000000,12100,line-120121,
131,1,131,Melrose Highlands - Oak Grove,Commuter Bus,Local Bus,3,https://www.mbta.com/schedules/131,FFC72C,000000,13100,line-131132,
132,1,132,Redstone Shopping Center - Malden Center,Local Bus,Local Bus,3,https://www.mbta.com/schedules/132,FFC72C,000000,13200,line-131132,
134,1,134,North Woburn - Wellington,Local Bus,Local Bus,3,https://www.mbta.com/schedules/134,FFC72C,000000,13400,line-134,
136,1,136,Reading Depot - Malden Center via Lowell Street,Local Bus,Local Bus,3,https://www.mbta.com/schedules/136,FFC72C,000000,13600,line-136137,
137,1,137,Reading Depot - Malden Center via North Avenue,Local Bus,Local Bus,3,https://www.mbta.com/schedules/137,FFC72C,000000,13700,line-136137,
170,1,170,Waltham - Dudley,Commuter Bus,Inner Express,3,https://www.mbta.com/schedules/170,FFC72C,000000,17000,line-7070A170,
171,1,171,Logan Airport - Dudley,Supplemental Bus,Local Bus,3,https://www.mbta.com/schedules/171,FFC72C,000000,17100,line-171708,
195,1,195,Shattuck Hospital - Downtown Boston,Supplemental Bus,Local Bus,3,https://www.mbta.com/schedules/195,FFC72C,000000,19500,line-195,
201,1,201,Fields Corner Loop via Neponset Ave,Local Bus,Local Bus,3,https://www.mbta.com/schedules/201,FFC72C,000000,20100,line-201202,
202,1,202,Fields Corner Loop via Adams Street,Local Bus,Local Bus,3,https://www.mbta.com/schedules/202,FFC72C,000000,20200,line-201202,
210,1,210,Quincy Center - Fields Corner,Local Bus,Local Bus,3,https://www.mbta.com/schedules/210,FFC72C,000000,21000,line-210211212,
211,1,211,Quincy Center - Squantum,Local Bus,Local Bus,3,https://www.mbta.com/schedules/211,FFC72C,000000,21100,line-210211212,
212,1,212,Quincy Center - North Quincy,Commuter Bus,Local Bus,3,https://www.mbta.com/schedules/212,FFC72C,000000,21200,line-210211212,
214,1,214,Germantown - Quincy Center,Local Bus,Local Bus,3,https://www.mbta.com/schedules/214,FFC72C,000000,21400,line-214216,
214216,1,214/216,Houghs Neck - Quincy Center via Germantown,Local Bus,Local Bus,3,,FFC72C,000000,21401,line-214216,1
215,1,215,Quincy Center - Ashmont via West Quincy,Local Bus,Local Bus,3,https://www.mbta.com/schedules/215,FFC72C,000000,21500,line-215,
216,1,216,Houghs Neck - Quincy Center,Local Bus,Local Bus,3,https://www.mbta.com/schedules/216,FFC72C,000000,21600,line-214216,
217,1,217,Quincy Center - Ashmont via Wollaston,Commuter Bus,Local Bus,3,https://www.mbta.com/schedules/217,FFC72C,000000,21700,line-217245,
220,1,220,Hingham Depot - Quincy Center,Local Bus,Local Bus,3,https://www.mbta.com/schedules/220,FFC72C,000000,22000,line-220221222,
221,1,221,Fort Point - Quincy Center,Commuter Bus,Local Bus,3,https://www.mbta.com/schedules/221,FFC72C,000000,22100,line-220221222,
222,1,222,East Weymouth - Quincy Center,Local Bus,Local Bus,3,https://www.mbta.com/schedules/222,FFC72C,000000,22200,line-220221222,
225,1,225,Weymouth Landing or Columbian Square - Quincy Center,Local Bus,Local Bus,3,https://www.mbta.com/schedules/225,FFC72C,000000,22500,line-225,
230,1,230,Montello Commuter Rail Station - Quincy Center,Local Bus,Local Bus,3,https://www.mbta.com/schedules/230,FFC72C,000000,23000,line-230,
236,1,236,South Shore Plaza - Quincy Center,Local Bus,Local Bus,3,https://www.mbta.com/schedules/236,FFC72C,000000,23600,line-236,
238,1,238,Holbrook/Randolph Commuter Rail Station - Quincy Center,Local Bus,Local Bus,3,https://www.mbta.com/schedules/238,FFC72C,000000,23800,line-238,
240,1,240,Avon Square - Ashmont,Local Bus,Local Bus,3,https://www.mbta.com/schedules/240,FFC72C,000000,24000,line-240,
245,1,245,Quincy Center - Mattapan via Quarry Street & Edge Hill Road,Local Bus,Local Bus,3,https://www.mbta.com/schedules/245,FFC72C,000000,24500,line-217245,
325,1,325,Elm Street - Haymarket,Commuter Bus,Inner Express,3,https://www.mbta.com/schedules/325,FFC72C,000000,32500,line-325326,
326,1,326,West Medford - Haymarket,Commuter Bus,Inner Express,3,https://www.mbta.com/schedules/326,FFC72C,000000,32600,line-325326,
350,1,350,North Burlington - Alewife,Local Bus,Local Bus,3,https://www.mbta.com/schedules/350,FFC72C,000000,35000,line-350351,
351,1,351,Oak Park/Bedford Woods - Alewife,Commuter Bus,Inner Express,3,https://www.mbta.com/schedules/351,FFC72C,000000,35100,line-350351,
352,1,352,North Burlington - Downtown Boston,Commuter Bus,Outer Express,3,https://www.mbta.com/schedules/352,FFC72C,000000,35200,line-352,
354,1,354,Burlington - Downtown Boston,Commuter Bus,Outer Express,3,https://www.mbta.com/schedules/354,FFC72C,000000,35400,line-354,
411,1,411,"Jack Satter House, Revere - Malden Center",Local Bus,Local Bus,3,https://www.mbta.com/schedules/411,FFC72C,000000,41100,line-411430,
424,1,424,Eastern Avenue & Essex Street - Haymarket or Wonderland,Commuter Bus,Inner Express,3,https://www.mbta.com/schedules/424,FFC72C,000000,42400,line-424450456,
426,1,426,"Central Square, Lynn - Haymarket or Wonderland via Cliftondale Square",Local Bus,Inner Express,3,https://www.mbta.com/schedules/426,FFC72C,000000,42600,line-426428,
428,1,428,Oaklandvale - Haymarket,Commuter Bus,Inner Express,3,https://www.mbta.com/schedules/428,FFC72C,000000,42800,line-426428,
429,1,429,"Northgate Shopping Center - Central Square, Lynn",Local Bus,Local Bus,3,https://www.mbta.com/schedules/429,FFC72C,000000,42900,line-429,
430,1,430,Saugus Center - Malden Center,Local Bus,Local Bus,3,https://www.mbta.com/schedules/430,FFC72C,000000,43000,line-411430,
434,1,434,"Main Street, Peabody - Haymarket via Goodwin Circle",Commuter Bus,Inner Express,3,https://www.mbta.com/schedules/434,FFC72C,000000,43400,line-434435436,
435,1,435,"Liberty Tree Mall - Central Square, Lynn or Neptune Towers via Peabody Square",Local Bus,Local Bus,3,https://www.mbta.com/schedules/435,FFC72C,000000,43500,line-434435436,
436,1,436,"Liberty Tree Mall - Central Square, Lynn via Goodwin Circle",Local Bus,Local Bus,3,https://www.mbta.com/schedules/436,FFC72C,000000,43600,line-434435436,
439,1,439,"Bass Point, Nahant - Central Square, Lynn",Commuter Bus,Local Bus,3,https://www.mbta.com/schedules/439,FFC72C,000000,43900,line-439,
441,1,441,Marblehead - Wonderland via Paradise Road,Local Bus,Local Bus,3,https://www.mbta.com/schedules/441,FFC72C,000000,44100,line-441442448449,
441442,1,441/442,"Central Square, Lynn - Wonderland",Local Bus,Local Bus,3,,FFC72C,000000,44101,line-441442448449,1
442,1,442,Marblehead - Wonderland via Humphrey Street,Local Bus,Local Bus,3,https://www.mbta.com/schedules/442,FFC72C,000000,44200,line-441442448449,
448,1,448,Marblehead - Downtown Crossing via Paradise Road,Commuter Bus,Inner Express,3,https://www.mbta.com/schedules/448,FFC72C,000000,44800,line-441442448449,
449,1,449,Marblehead - Downtown Crossing via Humphrey Street,Commuter Bus,Inner Express,3,https://www.mbta.com/schedules/449,FFC72C,000000,44900,line-441442448449,
450,1,450,Salem Depot - Haymarket or Wonderland,Local Bus,Inner Express,3,https://www.mbta.com/schedules/450,FFC72C,000000,45000,line-424450456,
451,1,451,North Beverly - Salem Depot,Commuter Bus,Local Bus,3,https://www.mbta.com/schedules/451,FFC72C,000000,45100,line-451465,
455,1,455,Salem Depot - Wonderland,Local Bus,Local Bus,3,https://www.mbta.com/schedules/455,FFC72C,000000,45500,line-455459,
456,1,456,"Salem Depot - Central Square, Lynn",Local Bus,Local Bus,3,https://www.mbta.com/schedules/456,FFC72C,000000,45600,line-424450456,
459,1,459,Salem Depot - Downtown Crossing,Commuter Bus,Inner Express,3,https://www.mbta.com/schedules/459,FFC72C,000000,45900,line-455459,
465,1,465,Danvers Square - Salem Depot,Local Bus,Local Bus,3,https://www.mbta.com/schedules/465,FFC72C,000000,46500,line-451465,
501,1,501,Brighton - Downtown Boston,Commuter Bus,Inner Express,3,https://www.mbta.com/schedules/501,FFC72C,000000,50100,line-501503,
502,1,502,Watertown Yard - Copley,Commuter Bus,Inner Express,3,https://www.mbta.com/schedules/502,FFC72C,000000,50200,line-502504,
503,1,503,Brighton - Copley,Commuter Bus,Inner Express,3,https://www.mbta.com/schedules/503,FFC72C,000000,50300,line-501503,
504,1,504,Watertown Yard - Downtown Boston,Commuter Bus,Inner Express,3,https://www.mbta.com/schedules/504,FFC72C,000000,50400,line-502504,
505,1,505,Waltham Center - Downtown Boston,Commuter Bus,Outer Express,3,https://www.mbta.com/schedules/505,FFC72C,000000,50500,line-505553554,
553,1,553,Roberts - Downtown Boston,Local Bus,Inner Express,3,https://www.mbta.com/schedules/553,FFC72C,000000,55300,line-505553554,
554,1,554,Waverley Square - Downtown Boston,Local Bus,Inner Express,3,https://www.mbta.com/schedules/554,FFC72C,000000,55400,line-505553554,
556,1,556,Waltham Highlands - Downtown Boston,Commuter Bus,Inner Express,3,https://www.mbta.com/schedules/556,FFC72C,000000,55600,line-556558,
558,1,558,Riverside - Downtown Boston,Commuter Bus,Inner Express,3,https://www.mbta.com/schedules/558,FFC72C,000000,55800,line-556558,
710,1,710,"North Medford - Medford Square, Meadow Glen Mall, or Wellington",Local Bus,Local Bus,3,https://www.mbta.com/schedules/710,FFC72C,000000,71000,line-710,
712,1,712,"Point Shirley, Winthrop - Orient Heights via Revere Street",Local Bus,Local Bus,3,https://www.mbta.com/schedules/712,FFC72C,000000,71200,line-712713,
713,1,713,"Point Shirley, Winthrop - Orient Heights via Winthrop Center",Local Bus,Local Bus,3,https://www.mbta.com/schedules/713,FFC72C,000000,71300,line-712713,
714,1,714,"Pemberton Point, Hull - Hingham",Local Bus,Local Bus,3,https://www.mbta.com/schedules/714,FFC72C,000000,71400,line-714,
716,1,716,Cobbs Corner - Mattapan,Local Bus,Local Bus,3,https://www.mbta.com/schedules/716,FFC72C,000000,71600,line-716,
CR-Fairmount,1,,Fairmount Line,Commuter Rail,Commuter Rail,2,https://www.mbta.com/schedules/CR-Fairmount,80276C,FFFFFF,51,line-Fairmount,
CR-Fitchburg,1,,Fitchburg Line,Commuter Rail,Commuter Rail,2,https://www.mbta.com/schedules/CR-Fitchburg,80276C,FFFFFF,52,line-Fitchburg,
CR-Worcester,1,,Framingham/Worcester Line,Commuter Rail,Commuter Rail,2,https://www.mbta.com/schedules/CR-Worcester,80276C,FFFFFF,53,line-Worcester,
CR-Franklin,1,,Franklin Line,Commuter Rail,Commuter Rail,2,https://www.mbta.com/schedules/CR-Franklin,80276C,FFFFFF,54,line-Franklin,
CR-Greenbush,1,,Greenbush Line,Commuter Rail,Commuter Rail,2,https://www.mbta.com/schedules/CR-Greenbush,80276C,FFFFFF,55,line-Greenbush,
CR-Haverhill,1,,Haverhill Line,Commuter Rail,Commuter Rail,2,https://www.mbta.com/schedules/CR-Haverhill,80276C,FFFFFF,56,line-Haverhill,
CR-Lowell,1,,Lowell Line,Commuter Rail,Commuter Rail,2,https://www.mbta.com/schedules/CR-Lowell,80276C,FFFFFF,58,line-Lowell,
CR-Needham,1,,Needham Line,Commuter Rail,Commuter Rail,2,https://www.mbta.com/schedules/CR-Needham,80276C,FFFFFF,60,line-Needham,
CR-Newburyport,1,,Newburyport/Rockport Line,Commuter Rail,Commuter Rail,2,https://www.mbta.com/schedules/CR-Newburyport,80276C,FFFFFF,61,line-Newburyport,
CR-Providence,1,,Providence/Stoughton Line,Commuter Rail,Commuter Rail,2,https://www.mbta.com/schedules/CR-Providence,80276C,FFFFFF,62,line-Providence,
CR-Kingston,1,,Kingston/Plymouth Line,Commuter Rail,Commuter Rail,2,https://www.mbta.com/schedules/CR-Kingston,80276C,FFFFFF,57,line-Kingston,
CR-Middleborough,1,,Middleborough/Lakeville Line,Commuter Rail,Commuter Rail,2,https://www.mbta.com/schedules/CR-Middleborough,80276C,FFFFFF,59,line-Middleborough,
Logan-22,2,Shuttle,Massport Subway Shuttle (22),Airport Shuttle,Free,3,,023177,FFFFFF,2000022,,
Logan-33,2,Shuttle,Massport Subway Shuttle (33),Airport Shuttle,Free,3,,023177,FFFFFF,2000033,,
Logan-55,2,Shuttle,Massport Subway Shuttle (55),Airport Shuttle,Free,3,,023177,FFFFFF,2000055,,
Logan-66,2,Shuttle,Massport Subway / Ferry Terminal Shuttle (66),Airport Shuttle,Free,3,,023177,FFFFFF,2000066,,
Shuttle002,1,,Red Line Shuttle,Rail Replacement Bus,Free,3,,FFC72C,000000,990002,line-Red,1
Shuttle005,1,,Red Line Shuttle,Rail Replacement Bus,Free,3,,FFC72C,000000,990001,line-Red,1
Shuttle019,1,,Green Line D Shuttle,Rail Replacement Bus,Free,3,,FFC72C,000000,990018,line-Green,1
Shuttle-AlewifeHarvard,1,,Red Line Shuttle,Rail Replacement Bus,Free,3,,FFC72C,000000,990019,line-Red,1
